{
  "tables": [
    {"customers": {
      "quantity": 70,
      "items": ["name", "surname", "children", "birthday", "city", "address"]}
    },
    {"products": {
      "quantity": 70,
      "drop_if_exists": true,
      "extra": ["product"],
      "items": ["stock", "price"]}
    },
    {"suppliers": {
      "quantity": 40,
      "drop_if_exists": true,
      "items": ["company", "city", "address", "contact", "email"]}
    }
  ],
  "transactions": [
    {"sales": {
      "quantity": 80,
      "drop_if_exists": true,
      "items": [{"customers": "id"}, {"products": "id"}, "quantity", "date", "invoice"]}
    }
  ],
  "database": {
      "host": "localhost",
      "username": "myuser",
      "database": "test",
      "drop_if_exists": false,
      "id_increment": true}
}
